Site,Date,ID,Wind.speed,Direction,Temp,Sunshine,Time,Species,Common.name,Caste,Number,Forage plant,ITD,Hive.Distance,Hive.Density,Buildings,Bee.habitat,FloralUnits.Site,Rail,Total.Water,Building.Vol,ITD.error,Pollen,Pollen sample
BG,11/05/2021,20210511_BG_Garden_001,6,SE,22,S,13:40:00,Bombus hortorum,Garden,W,1,Lamium orvala,4.548156551,300,1,21.53,17.83,6024,2.79,6.61,4,3.507587295,Y,Y
Bunhill,24/06/2021,20210624_Bunhill_Tree_001,0,,21,S,10:05:00,Bombus hypnorum,Tree,W,1,Campanula,3.659655582,535,2,45.37,8.43,1754,0.26,0.52,15,10.69258807,N,N
Leon,22/06/2021,20210622_Leon_CC_003,2,E,19,C,14:57:00,Bombus hypnorum,Common carder,W,1,Symphytum ,3.869681299,770,1,39.03,9.84,2450,1.33,0,9,3.677369884,Y,N
BG,23/06/2021,20210623_BG_Early_021,0,,32,S,12:20:00,Bombus lapidarius,Early,M,1,Lavender,3.829004363,300,1,21.53,17.83,6024,2.79,6.61,4,1.672268723,N,N
Bank,23/06/2021,20210623_OPBank_Red_007,6,E,33,S,10:04:00,Bombus lapidarius,Red tail,W,1,Eschscholzia californica,3.251608696,535,2,31.19,19.93,2008,3.35,6.61,10,3.094562366,N,N
Bank,29/06/2021,20210629_Bank_Red_008,4,N,23,C,13:05:00,Bombus lapidarius,Red tail,W,1,Trifolium pratense,4.480004996,535,2,31.19,19.93,2008,3.35,6.61,10,1.343926468,Y,N
Bunhill,24/06/2021,20210624_Bunhill_CC_002,0,,21,S,10:05:00,Bombus pascuorum,Common carder,W,1,Chelidonium majus,3.001208054,535,2,45.37,8.43,1754,0.26,0.52,15,9.835021018,N,N
Leon,22/06/2021,20210622_Leon_CC_024,2,E,19,C,14:57:00,Bombus pascuorum,Common carder,W,1,Ballota nigra,3.144868421,770,1,39.03,9.84,2450,1.33,0,9,4.477175498,Y,N
Bank,29/06/2021,20210629_Bank_CC_009,4,N,23,C,13:05:00,Bombus pascuorum,Common carder,W,1,Achillea millefolium,3.183838899,535,2,31.19,19.93,2008,3.35,6.61,10,4.469525602,Y,N
BG,26/05/2021,20210526_BG_CC_002,2,NE,17,C,11:40:00,Bombus pascuorum,Common carder,W,1,Alkanet,3.293554834,300,1,21.53,17.83,6024,2.79,6.61,4,3.055150561,N,N
MEA,30/06/2021,20210630_MEA_CC_003,3,NW,18,C,13:01:00,Bombus pascuorum,Common carder,W,1,Teucrium fruticans ,3.411196388,850,1,26.97,19.29,2038,1.31,2.17,5,6.555084267,Y,Y
Leon,22/06/2021,20210622_Leon_Tree_021,2,E,19,C,14:57:00,Bombus pascuorum,Tree,W,1,Symphytum ,3.744901138,770,1,39.03,9.84,2450,1.33,0,9,1.699366898,Y,N
BG,26/05/2021,20210526_BG_CC_008,2,NE,17,C,11:40:00,Bombus pascuorum,Common carder,W,1,Symphytum officinale,3.806836582,300,1,21.53,17.83,6024,2.79,6.61,4,1.671718997,Y,Y
Leon,22/06/2021,20210622_Leon_CC_001,2,E,19,C,14:57:00,Bombus pascuorum,Common carder,W,1,Symphytum ,3.921438878,770,1,39.03,9.84,2450,1.33,0,9,6.582231625,N,N
Leon,22/06/2021,20210622_Leon_CC_020,2,E,19,C,14:57:00,Bombus pascuorum,Common carder,W,1,Symphytum ,4.10027611,770,1,39.03,9.84,2450,1.33,0,9,7.094735972,Y,N
BG,26/04/2021,20210426_BG_CC_003,3,NE,17,S,12:10:00,Bombus pascuorum,Common carder,W,1,Camassia,4.190217391,300,1,21.53,17.83,6024,2.79,6.61,4,4.47271897,N,N
Leon,22/06/2021,20210622_Leon_Tree_004,2,E,19,C,14:57:00,Bombus pascuorum,Tree,W,1,Alkanet,4.710378833,770,1,39.03,9.84,2450,1.33,0,9,6.034618831,Y,N
Leon,22/06/2021,20210622_Leon_CC_018,2,E,19,C,14:57:00,Bombus pascuorum,Common carder,W,1,Ballota nigra,4.807069342,770,1,39.03,9.84,2450,1.33,0,9,4.140990658,N,N
Leon,27/05/2021,20210527_Leon_CC_005,4,NE,22,S,10:50:00,Bombus pascuorum,Common carder,W,1,Symphytum officinale,5.030182387,770,1,39.03,9.84,2450,1.33,0,9,3.17146674,N,N
BG,23/06/2021,20210623_BG_CC_006,0,,32,S,12:20:00,Bombus pascuorum,Common carder,W,1,Lavender,5.130760935,300,1,21.53,17.83,6024,2.79,6.61,4,5.238864265,N,N
BG,30/06/2021,20210630_BG_CC_016,4,NW,18,C,10:34:00,Bombus pascuorum,Common carder,W,1,Symphytum,5.254251074,300,1,21.53,17.83,6024,2.79,6.61,4,3.087972103,N,N
BG,26/05/2021,20210526_BG_CC_009,2,NE,17,C,11:40:00,Bombus pascuorum,Common carder,W,1,Alkanet,5.493067093,300,1,21.53,17.83,6024,2.79,6.61,4,5.117611913,N,N
MEA,26/05/2021,20210526_MEA_CC_005,3,NE,18,C,15:15:00,Bombus pascuorum,Common carder,W,1,Teucrium fructicans,6.440872196,850,1,26.97,19.29,2038,1.31,2.17,5,2.909802313,N,N
BG,11/05/2021,20210511_BG_CC_002,6,SE,22,S,13:40:00,Bombus pascuorum,Common carder,W,1,Alkanet,6.595099625,300,1,21.53,17.83,6024,2.79,6.61,4,3.390499165,N,N
Bunhill,29/05/2021,20210529_Bun_CC_001,4,SW,21,S,11:45:00,Bombus pascuorum,Common carder,W,1,Chelidonium majus,6.642272998,535,2,45.37,8.43,1754,0.26,0.52,15,3.847156641,N,N
BG,26/05/2021,20210526_BG_CC_001,2,NE,17,C,11:40:00,Bombus pascuorum,Common carder,W,1,Alkanet,6.676898263,300,1,21.53,17.83,6024,2.79,6.61,4,2.060360357,N,N
BG,26/05/2021,20210526_BG_CC_006,2,NE,17,C,11:40:00,Bombus pascuorum,Common carder,W,1,Symphytum officinale,7.181071607,300,1,21.53,17.83,6024,2.79,6.61,4,1.339311534,N,N
Bunhill,08/06/2021,20210608_Bunhill_CC_003,3,SW,22,S,10:20:00,Bombus pascuorum,Common carder,W,1,Luzula nivea,7.510037616,535,2,45.37,8.43,1754,0.26,0.52,15,3.784979818,N,N
BG,26/05/2021,20210526_BG_CC_003,2,NE,17,C,11:40:00,Bombus pascuorum,Common carder,W,1,Symphytum officinale,7.640050403,300,1,21.53,17.83,6024,2.79,6.61,4,1.258851908,N,N
MEA,26/05/2021,20210526_MEA_CC_004,3,NE,18,C,15:15:00,Bombus pascuorum,Common carder,W,1,Teucrium fructicans,7.851237139,850,1,26.97,19.29,2038,1.31,2.17,5,3.98980564,N,N
BG,26/05/2021,20210526_BG_CC_007,2,NE,17,C,11:40:00,Bombus pascuorum,Common carder,W,1,Symphytum officinale,7.916087934,300,1,21.53,17.83,6024,2.79,6.61,4,2.049621085,N,N
Christ,31/05/2021,20210531_Christ_Early_004,5,SW,22,S,14:55:00,Bombus pratorum,Early,M,1,Nepeta,2.914624173,345,7,49.59,4.39,8707,0.43,11.93,19,6.365820844,N,N
Christ,31/05/2021,20210531_Christ_Early_005,5,SW,22,S,14:55:00,Bombus pratorum,Early,M,1,Nepeta,5.758535687,345,7,49.59,4.39,8707,0.43,11.93,19,5.439735363,N,N
BG,23/06/2021,20210623_BG_Early_018,0,,32,S,12:20:00,Bombus pratorum,Early,W,1,Symphytum,3.563175045,300,1,21.53,17.83,6024,2.79,6.61,4,3.86083095,N,N
Leon,05/06/2021,20210605_LeonMRR_Buff_030,3,S,25,S,14:20:00,Bombus pratorum,Early,W,1,Nepeta,5.086193956,770,1,39.03,9.84,2450,1.33,0,9,5.233316609,N,N
OPMead,22/06/2021,20210622_OP_Buff_005,3,E,23,S,11:06:00,Bombus terrestris,Buff tail,M,1,Geranium,3.669289044,530,1,24.47,18.18,2494,6.03,6.64,7,4.892316428,N,N
MEA,09/06/2021,20210609_MEAMRR_Buff_031,5,SW,26,S,10:16:00,Bombus terrestris,Buff tail,M,1,Teucrium fruticans ,3.733102767,850,1,26.97,19.29,2038,1.31,2.17,5,9.226100204,N,N
Bank,23/06/2021,20210623_OPBank_Buff_005,6,E,33,S,10:04:00,Bombus terrestris,Buff tail,M,1,Malva sylvestris,4.266996424,535,2,31.19,19.93,2008,3.35,6.61,10,3.299774933,N,N
OPMead,05/07/2021,20210705_OP_Buff_014,3,SE,23,S,10:18:00,Bombus terrestris,Buff tail,M,1,Veronica spicata,4.305230043,530,1,24.47,18.18,2494,6.03,6.64,7,5.521128583,N,N
Leon,05/06/2021,20210605_LeonMRR_Buff_029,3,S,25,S,14:20:00,Bombus terrestris,Buff tail,M,1,Nepeta,4.387394153,770,1,39.03,9.84,2450,1.33,0,9,5.11818879,N,N
OPMead,05/07/2021,20210705_OP_Buff_010,3,SE,23,S,10:18:00,Bombus terrestris,Buff tail,M,1,Veronica spicata,4.916697464,530,1,24.47,18.18,2494,6.03,6.64,7,3.956939918,N,N
Leon,22/06/2021,20210622_Leon_Buff_015,2,E,19,C,14:57:00,Bombus terrestris,Buff tail,M,1,Nepeta,5.147136057,770,1,39.03,9.84,2450,1.33,0,9,5.461558677,N,N
OPMead,22/06/2021,20210622_OP_Buff_003,3,E,23,S,11:06:00,Bombus terrestris,Buff tail,M,1,Valeriana officinalis,5.159403934,530,1,24.47,18.18,2494,6.03,6.64,7,4.303521026,N,N
Christ,08/06/2021,20210608_ChristMRR_Buff_018,3,SW,24,S,14:06:00,Bombus terrestris,Buff tail,M,1,Nepeta,5.222853731,345,7,49.59,4.39,8707,0.43,11.93,19,1.885723459,N,N
Bunhill,08/06/2021,20210608_Bunhill_Buff_005,3,SW,22,S,10:20:00,Bombus terrestris,Buff tail,M,1,Geranium,5.352038252,535,2,45.37,8.43,1754,0.26,0.52,15,4.822801666,N,N
OPMead,05/07/2021,20210705_OP_Buff_007,3,SE,23,S,10:18:00,Bombus terrestris,Buff tail,M,1,Veronica spicata,5.372620553,530,1,24.47,18.18,2494,6.03,6.64,7,3.488365617,N,N
OPMead,05/07/2021,20210705_OP_Buff_005,3,SE,23,S,10:18:00,Bombus terrestris,Buff tail,M,1,Veronica spicata,5.60624519,530,1,24.47,18.18,2494,6.03,6.64,7,2.820316944,N,N
Leon,22/06/2021,20210622_Leon_Buff_012,2,E,19,C,14:57:00,Bombus terrestris,Buff tail,M,1,Nepeta,5.766302521,770,1,39.03,9.84,2450,1.33,0,9,5.863719429,N,N
Christ,08/06/2021,20210608_ChristMRR_Buff_002,3,SW,24,S,14:06:00,Bombus terrestris,Buff tail,M,1,Nepeta,5.769886972,345,7,49.59,4.39,8707,0.43,11.93,19,1.043486175,N,N
Christ,28/05/2021,20210528_Christ_Buff_001,3,NE,21,C,14:33:00,Bombus terrestris,Buff tail,M,1,Nepeta,6.268491953,345,7,49.59,4.39,8707,0.43,11.93,19,4.439638801,NA,NA
MEA,30/06/2021,20210630_MEA_Buff_011,3,NW,18,C,13:01:00,Bombus terrestris,Buff tail,M,1,Stachys byzantina,6.635719316,850,1,26.97,19.29,2038,1.31,2.17,5,2.824360694,NA,N
Christ,08/06/2021,20210608_ChristMRR_Buff_001,3,SW,24,S,14:06:00,Bombus terrestris,Buff tail,M,1,Nepeta,6.850624506,345,7,49.59,4.39,8707,0.43,11.93,19,2.308021449,N,N
Christ,28/05/2021,20210528_Christ_Buff_002,3,NE,21,C,14:33:00,Bombus terrestris,Buff tail,M,1,Nepeta,7.046111214,345,7,39.03,9.84,8707,0.43,11.93,19,3.298738537,NA,NA
OPMead,05/07/2021,20210705_OP_Buff_015,3,SE,23,S,10:18:00,Bombus terrestris,Buff tail,Q,1,Veronica spicata,4.375076495,530,1,24.47,18.18,2494,6.03,6.64,7,7.62367474,N,N
OPMead,05/07/2021,20210705_OP_Buff_011,3,SE,23,S,10:18:00,Bombus terrestris,Buff tail,Q,1,Veronica spicata,7.60819416,530,1,24.47,18.18,2494,6.03,6.64,7,2.35947226,N,N
Bank,23/06/2021,20210623_OPBank_Buff_001,6,E,33,S,10:04:00,Bombus terrestris,Buff tail,Q,1,Trifolium pratense,8.547334274,535,2,31.19,19.93,2008,3.35,6.61,10,1.609486192,N,N
OPMead,05/07/2021,20210705_OP_Buff_016,3,SE,23,S,10:18:00,Bombus terrestris,Buff tail,Q,1,Veronica spicata,9.051458699,530,1,24.47,18.18,2494,6.03,6.64,7,1.996287184,N,N
OPMead,22/06/2021,20210622_OP_Buff_001,3,E,23,S,11:06:00,Bombus terrestris,Buff tail,Q,1,Echinacea,9.726650718,530,1,24.47,18.18,2494,6.03,6.64,7,0.988797923,N,N
OPMead,05/07/2021,20210705_OP_Buff_012,3,SE,23,S,10:18:00,Bombus terrestris,Buff tail,Q,1,Veronica spicata,12.38642616,530,1,24.47,18.18,2494,6.03,6.64,7,1.904096672,Y,N
MEA,30/06/2021,20210630_MEA_Buff_007,3,NW,18,C,13:01:00,Bombus terrestris,Buff tail,W,1,Stachys byzantina,3.117053838,850,1,26.97,19.29,2038,1.31,2.17,5,4.413403555,N,N
OPMead,05/07/2021,20210705_OP_Buff_017,3,SE,23,S,10:18:00,Bombus terrestris,Buff tail,W,1,Veronica spicata,3.586258369,530,1,24.47,18.18,2494,6.03,6.64,7,3.83598031,N,N
MEA,09/06/2021,20210609_MEAMRR_Buff_008,5,SW,26,S,10:16:00,Bombus terrestris,Buff tail,W,1,Teucrium fruticans ,3.668969864,850,1,26.97,19.29,2038,1.31,2.17,5,2.684365957,N,N
MEA,09/06/2021,20210609_MEAMRR_Buff_011,5,SW,26,S,10:16:00,Bombus terrestris,Buff tail,W,1,Teucrium fruticans ,3.87408038,850,1,26.97,19.29,2038,1.31,2.17,5,3.195446968,N,N
BG,30/06/2021,20210630_BG_Buff_010,4,NW,18,C,10:34:00,Bombus terrestris,Buff tail,W,1,Lavender,3.887882589,300,1,21.53,17.83,6024,2.79,6.61,4,5.120018103,N,N
BG,23/06/2021,20210623_BG_Buff_004,0,,32,S,12:20:00,Bombus terrestris,Buff tail,W,1,Lavender,3.953216561,300,1,21.53,17.83,6024,2.79,6.61,4,6.260405157,N,N
OPMead,22/06/2021,20210622_OP_Buff_006,3,E,23,S,11:06:00,Bombus terrestris,Buff tail,W,1,Scabious,4.026230492,530,1,24.47,18.18,2494,6.03,6.64,7,5.577304036,N,N
Bank,23/06/2021,20210623_OPBank_Buff_011,6,E,33,S,10:04:00,Bombus terrestris,Buff tail,W,1,Eschscholzia californica,4.107443079,535,2,31.19,19.93,2008,3.35,6.61,10,3.311420328,Y,Y
Christ,31/05/2021,20210531_Christ_Buff_007,5,SW,22,S,14:55:00,Bombus terrestris,Buff tail,W,1,Nepeta,4.122452153,345,7,49.59,4.39,8707,0.43,11.93,19,3.337046976,N,N
Bunhill,08/06/2021,20210608_Bunhill_Buff_002,3,SW,22,S,10:20:00,Bombus terrestris,Buff tail,W,1,Geranium,4.145547786,535,2,45.37,8.43,1754,0.26,0.52,15,3.848238389,N,N
Leon,22/06/2021,20210622_Leon_Buff_014,2,E,19,C,14:57:00,Bombus terrestris,Buff tail,W,1,Nepeta,4.176057519,770,1,39.03,9.84,2450,1.33,0,9,1.523916038,N,N
Leon,05/06/2021,20210605_LeonMRR_Buff_024,3,S,25,S,14:20:00,Bombus terrestris,Buff tail,W,1,Nepeta,4.248250186,770,1,39.03,9.84,2450,1.33,0,9,7.912780829,N,N
MEA,30/06/2021,20210630_MEA_Buff_002,3,NW,18,C,13:01:00,Bombus terrestris,Buff tail,W,1,Rose,4.289339009,850,1,26.97,19.29,2038,1.31,2.17,5,3.207211289,Y,N
OPMead,05/07/2021,20210705_OP_Buff_021,3,SE,23,S,10:18:00,Bombus terrestris,Buff tail,W,1,Veronica spicata,4.292354461,530,1,24.47,18.18,2494,6.03,6.64,7,2.344239273,N,N
OPMead,05/07/2021,20210705_OP_Buff_004,3,SE,23,S,10:18:00,Bombus terrestris,Buff tail,W,1,Veronica spicata,4.302256716,530,1,24.47,18.18,2494,6.03,6.64,7,5.160920134,N,N
MEA,09/06/2021,20210609_MEAMRR_Buff_019,5,SW,26,S,10:16:00,Bombus terrestris,Buff tail,W,1,Teucrium fruticans ,4.322992251,850,1,26.97,19.29,2038,1.31,2.17,5,2.863622622,N,N
OPMead,05/07/2021,20210705_OP_Buff_001,3,SE,23,S,10:18:00,Bombus terrestris,Buff tail,W,1,Veronica spicata,4.338540354,530,1,24.47,18.18,2494,6.03,6.64,7,3.644402728,N,N
MEA,09/06/2021,20210609_MEAMRR_Buff_028,5,SW,26,S,10:16:00,Bombus terrestris,Buff tail,W,1,Teucrium fruticans ,4.379158103,850,1,26.97,19.29,2038,1.31,2.17,5,6.419358455,N,N
Bank,26/05/2021,20210526_OPBank_Buff_005,12,NE,22,S,12:55:00,Bombus terrestris,Buff tail,W,1,Eschscholzia californica,4.379786809,535,2,31.19,19.93,2008,3.35,6.61,10,4.236273619,Y,Y
BG,23/06/2021,20210623_BG_Buff_015,0,,32,S,12:20:00,Bombus terrestris,Buff tail,W,1,Lavender,4.392978469,300,1,21.53,17.83,6024,2.79,6.61,4,4.479573208,N,N
Bank,23/06/2021,20210623_OPBank_Buff_002,6,E,33,S,10:04:00,Bombus terrestris,Buff tail,W,1,Eschscholzia californica,4.40443281,535,2,31.19,19.93,2008,3.35,6.61,10,3.683784369,Y,N
BG,23/06/2021,20210623_BG_Buff_001,0,,32,S,12:20:00,Bombus terrestris,Buff tail,W,1,Lavender,4.419200306,300,1,21.53,17.83,6024,2.79,6.61,4,5.059892792,N,N
Bank,26/05/2021,20210526_OPBank_Buff_003,12,NE,22,S,12:55:00,Bombus terrestris,Buff tail,W,1,Eschscholzia californica,4.4244667,535,2,31.19,19.93,2008,3.35,6.61,10,5.775580745,Y,Y
MEA,09/06/2021,20210609_MEAMRR_Buff_017,5,SW,26,S,10:16:00,Bombus terrestris,Buff tail,W,1,Teucrium fruticans ,4.446783023,850,1,26.97,19.29,2038,1.31,2.17,5,4.993183431,N,N
OPMead,29/06/2021,20210629_OP_Buff_008,4,N,26,C,10:54:00,Bombus terrestris,Buff tail,W,1,Veronica spicata,4.451094564,530,1,24.47,18.18,2494,6.03,6.64,7,4.421085279,N,N
BG,26/04/2021,20210426_BG_Buff_001,3,NE,17,S,12:10:00,Bombus terrestris,Buff tail,W,1,Camassia,4.453229479,300,1,21.53,17.83,6024,2.79,6.61,4,2.699347819,Y,Y
BG,26/04/2021,20210426_BG_Buff_002,3,NE,17,S,12:10:00,Bombus terrestris,Buff tail,W,1,Camassia,4.458391304,300,1,21.53,17.83,6024,2.79,6.61,4,4.203683242,N,N
Christ,08/06/2021,20210608_ChristMRR_Buff_003,3,SW,24,S,14:06:00,Bombus terrestris,Buff tail,W,1,Nepeta,4.488865613,345,7,49.59,4.39,8707,0.43,11.93,19,7.930390013,N,N
MEA,26/05/2021,20210526_MEA_Buff_003,3,NE,18,C,15:15:00,Bombus terrestris,Buff tail,W,1,Allium,4.518526105,850,1,26.97,19.29,2038,1.31,2.17,5,6.221361775,Y,Y
Leon,22/06/2021,20210622_Leon_Buff_010,2,E,19,C,14:57:00,Bombus terrestris,Buff tail,W,1,Nepeta,4.525773113,770,1,39.03,9.84,2450,1.33,0,9,15.81732254,N,N
OPMead,22/06/2021,20210622_OP_Buff_007,3,E,23,S,11:06:00,Bombus terrestris,Buff tail,W,1,Scabious,4.528095238,530,1,24.47,18.18,2494,6.03,6.64,7,1.329653413,N,N
Bank,29/06/2021,20210629_Bank_Buff_006,4,N,23,C,13:05:00,Bombus terrestris,Buff tail,W,1,Eschscholzia californica,4.533690326,535,2,31.19,19.93,2008,3.35,6.61,10,5.614817575,Y,N
MEA,09/06/2021,20210609_MEAMRR_Buff_026,5,SW,26,S,10:16:00,Bombus terrestris,Buff tail,W,1,Teucrium fruticans ,4.546398694,850,1,26.97,19.29,2038,1.31,2.17,5,2.722906466,N,N
OPMead,05/07/2021,20210705_OP_Buff_023,3,SE,23,S,10:18:00,Bombus terrestris,Buff tail,W,1,Veronica spicata,4.547329471,530,1,24.47,18.18,2494,6.03,6.64,7,2.165855336,Y,N
MEA,09/06/2021,20210609_MEAMRR_Buff_023,5,SW,26,S,10:16:00,Bombus terrestris,Buff tail,W,1,Teucrium fruticans ,4.584324324,850,1,26.97,19.29,2038,1.31,2.17,5,2.194937615,N,N
Bank,29/06/2021,20210629_Bank_Buff_001,4,N,23,C,13:05:00,Bombus terrestris,Buff tail,W,1,Echium vulgare,4.608587202,535,2,31.19,19.93,2008,3.35,6.61,10,4.730349758,Y,N
OPMead,22/06/2021,20210622_OP_Buff_004,3,E,23,S,11:06:00,Bombus terrestris,Buff tail,W,1,Valeriana officinalis,4.614835076,530,1,24.47,18.18,2494,6.03,6.64,7,1.991921272,N,N
Christ,08/06/2021,20210608_ChristMRR_Buff_004,3,SW,24,S,14:06:00,Bombus terrestris,Buff tail,W,1,Nepeta,4.618433759,345,7,49.59,4.39,8707,0.43,11.93,19,6.171872786,N,N
MEA,26/05/2021,20210526_MEA_Buff_006,3,NE,18,C,15:15:00,Bombus terrestris,Buff tail,W,1,Teucrium fructicans,4.634958323,850,1,26.97,19.29,2038,1.31,2.17,5,2.07503312,N,N
MEA,09/06/2021,20210609_MEAMRR_Buff_004,5,SW,26,S,10:16:00,Bombus terrestris,Buff tail,W,1,Teucrium fruticans ,4.674522503,850,1,26.97,19.29,2038,1.31,2.17,5,5.558979105,N,N
OPMead,05/07/2021,20210705_OP_Buff_018,3,SE,23,S,10:18:00,Bombus terrestris,Buff tail,W,1,Veronica spicata,4.726565217,530,1,24.47,18.18,2494,6.03,6.64,7,2.619115115,N,N
Leon,27/05/2021,20210527_Leon_Buff_002,4,NE,22,S,10:50:00,Bombus terrestris,Buff tail,W,1,Symphytum officinale,4.726643357,770,1,39.03,9.84,2450,1.33,0,9,3.345162118,N,N
Bank,26/05/2021,20210526_OPBank_Buff_004,12,NE,22,S,12:55:00,Bombus terrestris,Buff tail,W,1,Eschscholzia californica,4.726675069,535,2,31.19,19.93,2008,3.35,6.61,10,1.346392747,Y,Y
MEA,09/06/2021,20210609_MEAMRR_Buff_025,5,SW,26,S,10:16:00,Bombus terrestris,Buff tail,W,1,Teucrium fruticans ,4.737140607,850,1,26.97,19.29,2038,1.31,2.17,5,5.017737623,N,N
Bank,23/06/2021,20210623_OPBank_Buff_010,6,E,33,S,10:04:00,Bombus terrestris,Buff tail,W,1,Eschscholzia californica,4.738162402,535,2,31.19,19.93,2008,3.35,6.61,10,4.600988212,Y,N
Christ,08/06/2021,20210608_ChristMRR_Buff_011,3,SW,24,S,14:06:00,Bombus terrestris,Buff tail,W,1,Nepeta,4.746487766,345,7,49.59,4.39,8707,0.43,11.93,19,7.40840463,N,N
Bank,23/06/2021,20210623_OPBank_Buff_008,6,E,33,S,10:04:00,Bombus terrestris,Buff tail,W,1,Eschscholzia californica,4.750031612,535,2,31.19,19.93,2008,3.35,6.61,10,3.804040157,Y,Y
MEA,09/06/2021,20210609_MEAMRR_Buff_005,5,SW,26,S,10:16:00,Bombus terrestris,Buff tail,W,1,Teucrium fruticans ,4.770963903,850,1,26.97,19.29,2038,1.31,2.17,5,8.468772458,N,N
OPMead,05/07/2021,20210705_OP_Buff_019,3,SE,23,S,10:18:00,Bombus terrestris,Buff tail,W,1,Veronica spicata,4.781418972,530,1,24.47,18.18,2494,6.03,6.64,7,3.919686796,Y,N
BG,23/06/2021,20210623_BG_Buff_002,0,,32,S,12:20:00,Bombus terrestris,Buff tail,W,1,Lavender,4.823361244,300,1,21.53,17.83,6024,2.79,6.61,4,2.852122368,N,N
Bank,29/06/2021,20210629_Bank_Buff_005,4,N,23,C,13:05:00,Bombus terrestris,Buff tail,W,1,Eschscholzia californica,4.829849775,535,2,31.19,19.93,2008,3.35,6.61,10,5.794508162,Y,N
BG,30/06/2021,20210630_BG_Buff_013,4,NW,18,C,10:34:00,Bombus terrestris,Buff tail,W,1,Symphytum,4.84138924,300,1,21.53,17.83,6024,2.79,6.61,4,2.078392255,N,N
BG,30/06/2021,20210630_BG_Buff_004,4,NW,18,C,10:34:00,Bombus terrestris,Buff tail,W,1,Lavender,4.850495348,300,1,21.53,17.83,6024,2.79,6.61,4,2.836167341,N,N
Leon,05/06/2021,20210605_LeonMRR_Buff_005,3,S,25,S,14:20:00,Bombus terrestris,Buff tail,W,1,Symphytum ,4.872318478,770,1,39.03,9.84,2450,1.33,0,9,2.113086447,N,N
BG,30/06/2021,20210630_BG_Buff_005,4,NW,18,C,10:34:00,Bombus terrestris,Buff tail,W,1,Lavender,4.879452949,300,1,21.53,17.83,6024,2.79,6.61,4,3.802470382,N,N
BG,23/06/2021,20210623_BG_Buff_003,0,,32,S,12:20:00,Bombus terrestris,Buff tail,W,1,Lavender,4.885756853,300,1,21.53,17.83,6024,2.79,6.61,4,3.179082593,N,N
MEA,09/06/2021,20210609_MEAMRR_Buff_016,5,SW,26,S,10:16:00,Bombus terrestris,Buff tail,W,1,Teucrium fruticans ,4.896788755,850,1,26.97,19.29,2038,1.31,2.17,5,3.973027515,N,N
MEA,09/06/2021,20210609_MEAMRR_Buff_013,5,SW,26,S,10:16:00,Bombus terrestris,Buff tail,W,1,Teucrium fruticans ,4.899841616,850,1,26.97,19.29,2038,1.31,2.17,5,5.123590187,N,N
Leon,05/06/2021,20210605_LeonMRR_Buff_011,3,S,25,S,14:20:00,Bombus terrestris,Buff tail,W,1,Symphytum ,4.906014925,770,1,39.03,9.84,2450,1.33,0,9,3.659043713,N,N
MEA,26/05/2021,20210526_MEA_Buff_002,3,NE,18,C,15:15:00,Bombus terrestris,Buff tail,W,1,Allium,4.914278545,850,1,26.97,19.29,2038,1.31,2.17,5,1.29499396,N,N
Christ,08/06/2021,20210608_ChristMRR_Buff_006,3,SW,24,S,14:06:00,Bombus terrestris,Buff tail,W,1,Nepeta,4.937695459,345,7,49.59,4.39,8707,0.43,11.93,19,5.175261393,N,N
BG,30/06/2021,20210630_BG_Buff_007,4,NW,18,C,10:34:00,Bombus terrestris,Buff tail,W,1,Symphytum,4.94655216,300,1,21.53,17.83,6024,2.79,6.61,4,1.286544815,Y,Y
BG,30/06/2021,20210630_BG_Buff_006,4,NW,18,C,10:34:00,Bombus terrestris,Buff tail,W,1,Lavender,4.949104141,300,1,21.53,17.83,6024,2.79,6.61,4,3.138391136,N,N
Beech,31/05/2021,20210531_Beech_Buff_004,4,SW,25,S,15:40:00,Bombus terrestris,Buff tail,W,1,Nepeta,4.960579135,320,5,55.29,8.4,2280,0.26,0.52,19,1.282906866,Y,Y
MEA,09/06/2021,20210609_MEAMRR_Buff_006,5,SW,26,S,10:16:00,Bombus terrestris,Buff tail,W,1,Teucrium fruticans ,4.960579135,850,1,26.97,19.29,2038,1.31,2.17,5,3.921936517,N,N
MEA,09/06/2021,20210609_MEAMRR_Buff_002,5,SW,26,S,10:16:00,Bombus terrestris,Buff tail,W,1,Cordyline,4.96457684,850,1,26.97,19.29,2038,1.31,2.17,5,2.073818268,Y,N
OPMead,05/07/2021,20210705_OP_Buff_020,3,SE,23,S,10:18:00,Bombus terrestris,Buff tail,W,1,Veronica spicata,4.966485888,530,1,24.47,18.18,2494,6.03,6.64,7,3.91727207,Y,N
MEA,09/06/2021,20210609_MEAMRR_Buff_022,5,SW,26,S,10:16:00,Bombus terrestris,Buff tail,W,1,Teucrium fruticans ,4.979215997,850,1,26.97,19.29,2038,1.31,2.17,5,4.518783683,N,N
MEA,09/06/2021,20210609_MEAMRR_Buff_027,5,SW,26,S,10:16:00,Bombus terrestris,Buff tail,W,1,Teucrium fruticans ,4.979215997,850,1,26.97,19.29,2038,1.31,2.17,5,2.020861498,N,N
Christ,31/05/2021,20210531_Christ_Buff_008,5,SW,22,S,14:55:00,Bombus terrestris,Buff tail,W,1,Amsonia tabernaemontana ,4.989668405,345,7,49.59,4.39,8707,0.43,11.93,19,3.11287711,N,N
Bank,29/06/2021,20210629_Bank_Buff_003,4,N,23,C,13:05:00,Bombus terrestris,Buff tail,W,1,Echium vulgare,4.997510081,535,2,31.19,19.93,2008,3.35,6.61,10,1.273426352,Y,N
OPMead,22/06/2021,20210622_OP_Buff_002,3,E,23,S,11:06:00,Bombus terrestris,Buff tail,W,1,Veronica spicata,5.006691744,530,1,24.47,18.18,2494,6.03,6.64,7,2.716658265,N,N
BG,23/06/2021,20210623_BG_Buff_005,0,,32,S,12:20:00,Bombus terrestris,Buff tail,W,1,Lavender,5.01395933,300,1,21.53,17.83,6024,2.79,6.61,4,3.235961776,N,N
BG,26/05/2021,20210526_BG_Buff_004,2,NE,17,C,11:40:00,Bombus terrestris,Buff tail,W,1,Symphytum officinale,5.027004746,300,1,21.53,17.83,6024,2.79,6.61,4,3.914591222,N,N
Christ,08/06/2021,20210608_ChristMRR_Buff_009,3,SW,24,S,14:06:00,Bombus terrestris,Buff tail,W,1,Nepeta,5.032149437,345,7,49.59,4.39,8707,0.43,11.93,19,7.51277826,N,N
Bank,29/06/2021,20210629_Bank_Buff_004,4,N,23,C,13:05:00,Bombus terrestris,Buff tail,W,1,Eschscholzia californica,5.036370968,535,2,31.19,19.93,2008,3.35,6.61,10,9.767647344,N,N
BG,23/06/2021,20210623_BG_Buff_019,0,,32,S,12:20:00,Bombus terrestris,Buff tail,W,1,Lavender,5.038552632,300,1,21.53,17.83,6024,2.79,6.61,4,2.730311162,N,N
MEA,09/06/2021,20210609_MEAMRR_Buff_015,5,SW,26,S,10:16:00,Bombus terrestris,Buff tail,W,1,Teucrium fruticans ,5.050072734,850,1,26.97,19.29,2038,1.31,2.17,5,3.578029852,N,N
Leon,22/06/2021,20210622_Leon_Buff_026,2,E,19,C,14:57:00,Bombus terrestris,Buff tail,W,1,Nepeta,5.057146269,770,1,39.03,9.84,2450,1.33,0,9,4.700225658,N,N
BG,23/06/2021,20210623_BG_Buff_020,0,,32,S,12:20:00,Bombus terrestris,Buff tail,W,1,Lavender,5.058590378,300,1,21.53,17.83,6024,2.79,6.61,4,2.719496038,N,N
Leon,27/05/2021,20210527_Leon_Buff_007,4,NE,22,S,10:50:00,Bombus terrestris,Buff tail,W,1,Symphytum officinale,5.058590378,770,1,39.03,9.84,2450,1.33,0,9,3.890148674,Y,N
BG,23/06/2021,20210623_BG_Buff_017,0,,32,S,12:20:00,Bombus terrestris,Buff tail,W,1,Lavender,5.067230309,300,1,21.53,17.83,6024,2.79,6.61,4,1.898017545,N,N
MEA,09/06/2021,20210609_MEAMRR_Buff_021,5,SW,26,S,10:16:00,Bombus terrestris,Buff tail,W,1,Teucrium fruticans ,5.06769821,850,1,26.97,19.29,2038,1.31,2.17,5,7.856663214,N,N
Leon,22/06/2021,20210622_Leon_Buff_005,2,E,19,C,14:57:00,Bombus terrestris,Buff tail,W,1,Nepeta,5.087832836,770,1,39.03,9.84,2450,1.33,0,9,2.796917652,N,N
MEA,30/06/2021,20210630_MEA_Buff_010,3,NW,18,C,13:01:00,Bombus terrestris,Buff tail,W,1,Stachys byzantina,5.088753739,850,1,26.97,19.29,2038,1.31,2.17,5,1.250593241,N,N
MEA,30/06/2021,20210630_MEA_Buff_006,3,NW,18,C,13:01:00,Bombus terrestris,Buff tail,W,1,Stachys byzantina,5.110684411,850,1,26.97,19.29,2038,1.31,2.17,5,3.85049576,N,N
Bank,26/05/2021,20210526_OPBank_Buff_002,12,NE,22,S,12:55:00,Bombus terrestris,Buff tail,W,1,Eschscholzia californica,5.114190309,535,2,31.19,19.93,2008,3.35,6.61,10,1.177272828,Y,Y
MEA,09/06/2021,20210609_MEAMRR_Buff_029,5,SW,26,S,10:16:00,Bombus terrestris,Buff tail,W,1,Teucrium fruticans ,5.123772691,850,1,26.97,19.29,2038,1.31,2.17,5,4.313625416,N,N
Leon,05/06/2021,20210605_LeonMRR_Buff_014,3,S,25,S,14:20:00,Bombus terrestris,Buff tail,W,1,Symphytum ,5.12715963,770,1,39.03,9.84,2450,1.33,0,9,1.832232228,Y,N
MEA,30/06/2021,20210630_MEA_Buff_004,3,NW,18,C,13:01:00,Bombus terrestris,Buff tail,W,1,Rose,5.137409274,850,1,26.97,19.29,2038,1.31,2.17,5,2.769927158,Y,Y
BG,23/06/2021,20210623_BG_Buff_007,0,,32,S,12:20:00,Bombus terrestris,Buff tail,W,1,Lavender,5.150249252,300,1,21.53,17.83,6024,2.79,6.61,4,3.638982095,N,N
OPMead,29/06/2021,20210629_OP_Buff_006,4,N,26,C,10:54:00,Bombus terrestris,Buff tail,W,1,Veronica spicata,5.151533283,530,1,24.47,18.18,2494,6.03,6.64,7,8.10307546,N,N
Leon,27/05/2021,20210527_Leon_Buff_006,4,NE,22,S,10:50:00,Bombus terrestris,Buff tail,W,1,Symphytum officinale,5.157180495,770,1,39.03,9.84,2450,1.33,0,9,3.146095188,Y,Y
Leon,05/06/2021,20210605_LeonMRR_Buff_019,3,S,25,S,14:20:00,Bombus terrestris,Buff tail,W,1,Symphytum ,5.165680739,770,1,39.03,9.84,2450,1.33,0,9,3.809501525,Y,N
MEA,09/06/2021,20210609_MEAMRR_Buff_024,5,SW,26,S,10:16:00,Bombus terrestris,Buff tail,W,1,Teucrium fruticans ,5.183679842,850,1,26.97,19.29,2038,1.31,2.17,5,4.549847512,N,N
Bunhill,08/06/2021,20210608_Bunhill_Buff_001,3,SW,22,S,10:20:00,Bombus terrestris,Buff tail,W,1,Luzula nivea,5.185008757,535,2,45.37,8.43,1754,0.26,0.52,15,2.318378974,Y,N
Christ,31/05/2021,20210531_Christ_Buff_001,5,SW,22,S,14:55:00,Bombus terrestris,Buff tail,W,1,Nepeta,5.213266412,345,7,49.59,4.39,8707,0.43,11.93,19,4.559469394,N,N
OPMead,29/06/2021,20210629_OP_Buff_001,4,N,26,C,10:54:00,Bombus terrestris,Buff tail,W,1,Veronica spicata,5.219196767,530,1,24.47,18.18,2494,6.03,6.64,7,3.72759973,N,N
Leon,05/06/2021,20210605_LeonMRR_Buff_032,3,S,25,S,14:20:00,Bombus terrestris,Buff tail,W,1,Linaria purpurea,5.226967891,770,1,39.03,9.84,2450,1.33,0,9,4.938201178,N,N
MEA,30/06/2021,20210630_MEA_Buff_008,3,NW,18,C,13:01:00,Bombus terrestris,Buff tail,W,1,Stachys byzantina,5.231785714,850,1,26.97,19.29,2038,1.31,2.17,5,1.923302377,N,N
Leon,22/06/2021,20210622_Leon_Buff_019,2,E,19,C,14:57:00,Bombus terrestris,Buff tail,W,1,Centranthus ruber,5.241629718,770,1,39.03,9.84,2450,1.33,0,9,1.834866739,N,N
Bank,23/06/2021,20210623_OPBank_Buff_004,6,E,33,S,10:04:00,Bombus terrestris,Buff tail,W,1,Eschscholzia californica,5.256396794,535,2,31.19,19.93,2008,3.35,6.61,10,3.52978971,Y,Y
Christ,08/06/2021,20210608_ChristMRR_Buff_016,3,SW,24,S,14:06:00,Bombus terrestris,Buff tail,W,1,Nepeta,5.262260664,345,7,49.59,4.39,8707,0.43,11.93,19,2.470421142,N,N
Beech,31/05/2021,20210531_Beech_Buff_003,4,SW,25,S,15:40:00,Bombus terrestris,Buff tail,W,1,Thyme,5.26329532,320,5,55.29,8.4,2280,0.26,0.52,19,3.004085338,N,N
Bank,23/06/2021,20210623_OPBank_Buff_003,6,E,33,S,10:04:00,Bombus terrestris,Buff tail,W,1,Eschscholzia californica,5.266267226,535,2,31.19,19.93,2008,3.35,6.61,10,2.702151042,Y,N
Leon,05/06/2021,20210605_LeonMRR_Buff_006,3,S,25,S,14:20:00,Bombus terrestris,Buff tail,W,1,Symphytum ,5.269107187,770,1,39.03,9.84,2450,1.33,0,9,1.207787355,N,N
MEA,09/06/2021,20210609_MEAMRR_Buff_001,5,SW,26,S,10:16:00,Bombus terrestris,Buff tail,W,1,Cordyline,5.275343496,850,1,26.97,19.29,2038,1.31,2.17,5,7.104117377,Y,N
MEA,09/06/2021,20210609_MEAMRR_Buff_014,5,SW,26,S,10:16:00,Bombus terrestris,Buff tail,W,1,Teucrium fruticans ,5.275343496,850,1,26.97,19.29,2038,1.31,2.17,5,5.275455545,N,N
Bank,23/06/2021,20210623_OPBank_Buff_006,6,E,33,S,10:04:00,Bombus terrestris,Buff tail,W,1,Eschscholzia californica,5.281701706,535,2,31.19,19.93,2008,3.35,6.61,10,3.548414102,Y,N
OPMead,29/06/2021,20210629_OP_Buff_003,4,N,26,C,10:54:00,Bombus terrestris,Buff tail,W,1,Veronica spicata,5.284770688,530,1,24.47,18.18,2494,6.03,6.64,7,2.664283594,N,N
Leon,05/06/2021,20210605_LeonMRR_Buff_018,3,S,25,S,14:20:00,Bombus terrestris,Buff tail,W,1,Symphytum ,5.305472837,770,1,39.03,9.84,2450,1.33,0,9,2.980203421,N,N
BG,23/06/2021,20210623_BG_Buff_013,0,,32,S,12:20:00,Bombus terrestris,Buff tail,W,1,Lavender,5.309226497,300,1,21.53,17.83,6024,2.79,6.61,4,3.403379194,N,N
OPMead,05/07/2021,20210705_OP_Buff_009,3,SE,23,S,10:18:00,Bombus terrestris,Buff tail,W,1,Geranium,5.347437302,530,1,24.47,18.18,2494,6.03,6.64,7,5.026587241,N,N
MEA,09/06/2021,20210609_MEAMRR_Buff_003,5,SW,26,S,10:16:00,Bombus terrestris,Buff tail,W,1,Teucrium fruticans ,5.348675214,850,1,26.97,19.29,2038,1.31,2.17,5,4.496819489,N,N
Bank,26/05/2021,20210526_OPBank_Buff_001,12,NE,22,S,12:55:00,Bombus terrestris,Buff tail,W,1,Eschscholzia californica,5.353953141,535,2,31.19,19.93,2008,3.35,6.61,10,3.500528361,Y,Y
Christ,31/05/2021,20210531_Christ_Buff_011,5,SW,22,S,14:55:00,Bombus terrestris,Buff tail,W,1,Amsonia tabernaemontana ,5.359276183,345,7,49.59,4.39,8707,0.43,11.93,19,1.877549422,Y,N
OPMead,05/07/2021,20210705_OP_Buff_002,3,SE,23,S,10:18:00,Bombus terrestris,Buff tail,W,1,Veronica spicata,5.364276081,530,1,24.47,18.18,2494,6.03,6.64,7,4.13916118,N,N
Leon,05/06/2021,20210605_LeonMRR_Buff_004,3,S,25,S,14:20:00,Bombus terrestris,Buff tail,W,1,Symphytum ,5.365990507,770,1,39.03,9.84,2450,1.33,0,9,4.184784066,Y,N
BG,30/06/2021,20210630_BG_Buff_014,4,NW,18,C,10:34:00,Bombus terrestris,Buff tail,W,1,Symphytum,5.367525151,300,1,21.53,17.83,6024,2.79,6.61,4,3.366413848,N,N
BG,23/06/2021,20210623_BG_Buff_016,0,,32,S,12:20:00,Bombus terrestris,Buff tail,W,1,Lavender,5.386818727,300,1,21.53,17.83,6024,2.79,6.61,4,1.181395059,N,N
Leon,05/06/2021,20210605_LeonMRR_Buff_008,3,S,25,S,14:20:00,Bombus terrestris,Buff tail,W,1,Symphytum ,5.393732236,770,1,39.03,9.84,2450,1.33,0,9,1.865555326,N,N
BG,11/05/2021,20210511_BG_Buff_004,6,SE,22,S,13:40:00,Bombus terrestris,Buff tail,W,1,Alkanet,5.400659505,300,1,21.53,17.83,6024,2.79,6.61,4,2.927677311,Y,Y
Leon,05/06/2021,20210605_LeonMRR_Buff_027,3,S,25,S,14:20:00,Bombus terrestris,Buff tail,W,1,Nepeta,5.400659505,770,1,39.03,9.84,2450,1.33,0,9,2.927677311,N,N
Leon,22/06/2021,20210622_Leon_Buff_013,2,E,19,C,14:57:00,Bombus terrestris,Buff tail,W,1,Nepeta,5.4115006,770,1,39.03,9.84,2450,1.33,0,9,5.371686313,N,N
Christ,08/06/2021,20210608_ChristMRR_Buff_020,3,SW,24,S,14:06:00,Bombus terrestris,Buff tail,W,1,Nepeta,5.42342772,345,7,49.59,4.39,8707,0.43,11.93,19,0,N,N
OPMead,05/07/2021,20210705_OP_Buff_013,3,SE,23,S,10:18:00,Bombus terrestris,Buff tail,W,1,Veronica spicata,5.43714512,530,1,24.47,18.18,2494,6.03,6.64,7,2.276823246,Y,N
MEA,09/06/2021,20210609_MEAMRR_Buff_009,5,SW,26,S,10:16:00,Bombus terrestris,Buff tail,W,1,Teucrium fruticans ,5.441811306,850,1,26.97,19.29,2038,1.31,2.17,5,1.849072916,N,N
Bank,23/06/2021,20210623_OPBank_Buff_012,6,E,33,S,10:04:00,Bombus terrestris,Buff tail,W,1,Malva sylvestris,5.441987928,535,2,31.19,19.93,2008,3.35,6.61,10,3.320351173,N,N
Leon,05/06/2021,20210605_LeonMRR_Buff_003,3,S,25,S,14:20:00,Bombus terrestris,Buff tail,W,1,Symphytum ,5.46341573,770,1,39.03,9.84,2450,1.33,0,9,5.145386509,N,N
MEA,26/05/2021,20210526_MEA_Buff_001,3,NE,18,C,15:15:00,Bombus terrestris,Buff tail,W,1,Symphytum officinale,5.478462694,850,1,26.97,19.29,2038,1.31,2.17,5,1.836702458,Y,N
Leon,05/06/2021,20210605_LeonMRR_Buff_025,3,S,25,S,14:20:00,Bombus terrestris,Buff tail,W,1,Nepeta,5.489458103,770,1,39.03,9.84,2450,1.33,0,9,2.95566164,Y,N
BG,30/06/2021,20210630_BG_Buff_011,4,NW,18,C,10:34:00,Bombus terrestris,Buff tail,W,1,Lavender,5.490835634,300,1,21.53,17.83,6024,2.79,6.61,4,1.710877495,N,N
MEA,09/06/2021,20210609_MEAMRR_Buff_020,5,SW,26,S,10:16:00,Bombus terrestris,Buff tail,W,1,Teucrium fruticans ,5.50670751,850,1,26.97,19.29,2038,1.31,2.17,5,1.705946266,Y,N
BG,30/06/2021,20210630_BG_Buff_002,4,NW,18,C,10:34:00,Bombus terrestris,Buff tail,W,1,Lavender,5.514359879,300,1,21.53,17.83,6024,2.79,6.61,4,1.824745958,N,N
Leon,05/06/2021,20210605_LeonMRR_Buff_022,3,S,25,S,14:20:00,Bombus terrestris,Buff tail,W,1,Nepeta,5.515713275,770,1,39.03,9.84,2450,1.33,0,9,4.071189065,N,N
Bunhill,29/05/2021,20210529_Bun_Buff_002,4,SW,21,S,11:45:00,Bombus terrestris,Buff tail,W,1,Geranium,5.527344498,535,2,45.37,8.43,1754,0.26,0.52,15,6.081667724,Y,Y
Leon,05/06/2021,20210605_LeonMRR_Buff_028,3,S,25,S,14:20:00,Bombus terrestris,Buff tail,W,1,Nepeta,5.535483387,770,1,39.03,9.84,2450,1.33,0,9,1.817782693,N,N
Leon,05/06/2021,20210605_LeonMRR_Buff_012,3,S,25,S,14:20:00,Bombus terrestris,Buff tail,W,1,Symphytum ,5.536776465,770,1,39.03,9.84,2450,1.33,0,9,1.149398223,N,N
Leon,05/06/2021,20210605_LeonMRR_Buff_016,3,S,25,S,14:20:00,Bombus terrestris,Buff tail,W,1,Symphytum ,5.538873605,770,1,39.03,9.84,2450,1.33,0,9,2.880198624,Y,N
Leon,22/06/2021,20210622_Leon_Buff_002,2,E,19,C,14:57:00,Bombus terrestris,Buff tail,W,1,Symphytum ,5.540359497,770,1,39.03,9.84,2450,1.33,0,9,1.086715996,Y,N
Leon,22/06/2021,20210622_Leon_Buff_017,2,E,19,C,14:57:00,Bombus terrestris,Buff tail,W,1,Symphytum ,5.554177497,770,1,39.03,9.84,2450,1.33,0,9,2.448872136,Y,N
Beech,31/05/2021,20210531_Beech_Buff_001,4,SW,25,S,15:40:00,Bombus terrestris,Buff tail,W,1,Thyme,5.560348767,320,5,55.29,8.4,2280,0.26,0.52,19,4.038507747,N,N
MEA,30/06/2021,20210630_MEA_Buff_009,3,NW,18,C,13:01:00,Bombus terrestris,Buff tail,W,1,Stachys byzantina,5.567691154,850,1,26.97,19.29,2038,1.31,2.17,5,2.470829669,N,N
Bank,23/06/2021,20210623_OPBank_Buff_009,6,E,33,S,10:04:00,Bombus terrestris,Buff tail,W,1,Eschscholzia californica,5.582679426,535,2,31.19,19.93,2008,3.35,6.61,10,1.139947424,Y,Y
Beech,31/05/2021,20210531_Beech_Buff_002,4,SW,25,S,15:40:00,Bombus terrestris,Buff tail,W,1,Thyme,5.5927142,320,5,55.29,8.4,2280,0.26,0.52,19,2.275804128,N,N
BG,23/06/2021,20210623_BG_Buff_010,0,,32,S,12:20:00,Bombus terrestris,Buff tail,W,1,Lavender,5.598343949,300,1,21.53,17.83,6024,2.79,6.61,4,3.22761716,N,N
BG,11/05/2021,20210511_BG_Buff_003,6,SE,22,S,13:40:00,Bombus terrestris,Buff tail,W,1,Alkanet,5.600969273,300,1,21.53,17.83,6024,2.79,6.61,4,2.822973584,N,N
Leon,05/06/2021,20210605_LeonMRR_Buff_017,3,S,25,S,14:20:00,Bombus terrestris,Buff tail,W,1,Symphytum ,5.603853659,770,1,39.03,9.84,2450,1.33,0,9,2.846800988,N,N
Leon,05/06/2021,20210605_LeonMRR_Buff_009,3,S,25,S,14:20:00,Bombus terrestris,Buff tail,W,1,Symphytum ,5.608982679,770,1,39.03,9.84,2450,1.33,0,9,5.730844284,N,N
BG,30/06/2021,20210630_BG_Buff_001,4,NW,18,C,10:34:00,Bombus terrestris,Buff tail,W,1,Lavender,5.610445059,300,1,21.53,17.83,6024,2.79,6.61,4,4.002447459,N,N
Leon,05/06/2021,20210605_LeonMRR_Buff_010,3,S,25,S,14:20:00,Bombus terrestris,Buff tail,W,1,Symphytum ,5.613202289,770,1,39.03,9.84,2450,1.33,0,9,3.338854338,N,N
OPMead,29/06/2021,20210629_OP_Buff_007,4,N,26,C,10:54:00,Bombus terrestris,Buff tail,W,1,Geranium,5.617451177,530,1,24.47,18.18,2494,6.03,6.64,7,3.302917058,N,N
BG,23/06/2021,20210623_BG_Buff_008,0,,32,S,12:20:00,Bombus terrestris,Buff tail,W,1,Lavender,5.620431396,300,1,21.53,17.83,6024,2.79,6.61,4,2.886785657,Y,Y
Leon,05/06/2021,20210605_LeonMRR_Buff_020,3,S,25,S,14:20:00,Bombus terrestris,Buff tail,W,1,Symphytum ,5.635638271,770,1,39.03,9.84,2450,1.33,0,9,3.325562059,N,N
Christ,31/05/2021,20210531_Christ_Buff_006,5,SW,22,S,14:55:00,Bombus terrestris,Buff tail,W,1,Nepeta,5.642359952,345,7,49.59,4.39,8707,0.43,11.93,19,6.342040382,N,N
Leon,27/05/2021,20210527_Leon_Buff_004,4,NE,22,S,10:50:00,Bombus terrestris,Buff tail,W,1,Symphytum officinale,5.65193988,770,1,39.03,9.84,2450,1.33,0,9,5.790924248,N,N
Christ,31/05/2021,20210531_Christ_Buff_002,5,SW,22,S,14:55:00,Bombus terrestris,Buff tail,W,1,Nepeta,5.652547436,345,7,49.59,4.39,8707,0.43,11.93,19,5.45420987,N,N
Leon,22/06/2021,20210622_Leon_Buff_016,2,E,19,C,14:57:00,Bombus terrestris,Buff tail,W,1,Symphytum ,5.653590764,770,1,39.03,9.84,2450,1.33,0,9,2.79669841,Y,N
OPMead,05/07/2021,20210705_OP_Buff_008,3,SE,23,S,10:18:00,Bombus terrestris,Buff tail,W,1,Veronica spicata,5.655115407,530,1,24.47,18.18,2494,6.03,6.64,7,3.854957465,N,N
Leon,22/06/2021,20210622_Leon_Buff_009,2,E,19,C,14:57:00,Bombus terrestris,Buff tail,W,1,Nepeta,5.657187437,770,1,39.03,9.84,2450,1.33,0,9,4.517061696,N,N
Christ,08/06/2021,20210608_ChristMRR_Buff_019,3,SW,24,S,14:06:00,Bombus terrestris,Buff tail,W,1,Nepeta,5.695648221,345,7,49.59,4.39,8707,0.43,11.93,19,4.802641889,N,N
Christ,28/05/2021,20210528_Christ_Buff_005,3,NE,21,C,14:33:00,Bombus terrestris,Buff tail,W,1,Nepeta,5.699751871,345,7,49.59,4.39,8707,0.43,11.93,19,1.765393674,N,N
BG,23/06/2021,20210623_BG_Buff_009,0,,32,S,12:20:00,Bombus terrestris,Buff tail,W,1,Lavender,5.709625925,300,1,21.53,17.83,6024,2.79,6.61,4,2.16816628,N,N
Leon,22/06/2021,20210622_Leon_Buff_025,2,E,19,C,14:57:00,Bombus terrestris,Buff tail,W,1,Nepeta,5.719082752,770,1,39.03,9.84,2450,1.33,0,9,2.764672061,N,N
Bank,29/06/2021,20210629_Bank_Buff_002,4,N,23,C,13:05:00,Bombus terrestris,Buff tail,W,1,Achillea millefolium,5.726769691,535,2,31.19,19.93,2008,3.35,6.61,10,1.719792891,N,N
MEA,09/06/2021,20210609_MEAMRR_Buff_007,5,SW,26,S,10:16:00,Bombus terrestris,Buff tail,W,1,Teucrium fruticans ,5.735210991,850,1,26.97,19.29,2038,1.31,2.17,5,2.829012004,N,N
BG,30/06/2021,20210630_BG_Buff_012,4,NW,18,C,10:34:00,Bombus terrestris,Buff tail,W,1,Sage,5.756748172,300,1,21.53,17.83,6024,2.79,6.61,4,2.15041861,N,N
MEA,09/06/2021,20210609_MEAMRR_Buff_018,5,SW,26,S,10:16:00,Bombus terrestris,Buff tail,W,1,Teucrium fruticans ,5.757695506,850,1,26.97,19.29,2038,1.31,2.17,5,1.105296559,N,N
Leon,22/06/2021,20210622_Leon_Buff_006,2,E,19,C,14:57:00,Bombus terrestris,Buff tail,W,1,Nepeta,5.766302521,770,1,39.03,9.84,2450,1.33,0,9,7.211597323,N,N
BG,26/05/2021,20210526_BG_Buff_005,2,NE,17,C,11:40:00,Bombus terrestris,Buff tail,W,1,Lamium purpureum,5.814098361,300,1,21.53,17.83,6024,2.79,6.61,4,1.65420181,Y,Y
BG,30/06/2021,20210630_BG_Buff_009,4,NW,18,C,10:34:00,Bombus terrestris,Buff tail,W,1,Lavender,5.815941665,300,1,21.53,17.83,6024,2.79,6.61,4,1.094227108,N,N
Christ,08/06/2021,20210608_ChristMRR_Buff_010,3,SW,24,S,14:06:00,Bombus terrestris,Buff tail,W,1,Nepeta,5.817125749,345,7,49.59,4.39,8707,0.43,11.93,19,4.437211797,N,N
Leon,27/05/2021,20210527_Leon_Buff_003,4,NE,22,S,10:50:00,Bombus terrestris,Buff tail,W,1,Symphytum officinale,5.817490134,770,1,39.03,9.84,2450,1.33,0,9,3.106032083,Y,Y
OPMead,05/07/2021,20210705_OP_Buff_022,3,SE,23,S,10:18:00,Bombus terrestris,Buff tail,W,1,Veronica spicata,5.819384494,530,1,24.47,18.18,2494,6.03,6.64,7,3.746140056,Y,N
Christ,31/05/2021,20210531_Christ_Buff_003,5,SW,22,S,14:55:00,Bombus terrestris,Buff tail,W,1,Nepeta,5.838610721,345,7,49.59,4.39,8707,0.43,11.93,19,3.332141393,N,N
Christ,08/06/2021,20210608_ChristMRR_Buff_014,3,SW,24,S,14:06:00,Bombus terrestris,Buff tail,W,1,Nepeta,5.848482278,345,7,49.59,4.39,8707,0.43,11.93,19,9.77008663,N,N
OPMead,29/06/2021,20210629_OP_Buff_009,4,N,26,C,10:54:00,Bombus terrestris,Buff tail,W,1,Veronica spicata,5.86847482,530,1,24.47,18.18,2494,6.03,6.64,7,2.109477979,N,N
Leon,27/05/2021,20210527_Leon_Buff_001,4,NE,22,S,10:50:00,Bombus terrestris,Buff tail,W,1,Symphytum officinale,5.86956836,770,1,39.03,9.84,2450,1.33,0,9,4.049655305,Y,Y
OPMead,05/07/2021,20210705_OP_Buff_003,3,SE,23,S,10:18:00,Bombus terrestris,Buff tail,W,1,Veronica spicata,5.88858335,530,1,24.47,18.18,2494,6.03,6.64,7,2.161457401,N,N
MEA,30/06/2021,20210630_MEA_Buff_005,3,NW,18,C,13:01:00,Bombus terrestris,Buff tail,W,1,Lavender,5.901003764,850,1,26.97,19.29,2038,1.31,2.17,5,2.74952896,N,N
Leon,22/06/2021,20210622_Leon_Buff_023,2,E,19,C,14:57:00,Bombus terrestris,Buff tail,W,1,Nepeta,5.902478185,770,1,39.03,9.84,2450,1.33,0,9,7.072158782,N,N
OPMead,26/05/2021,20210526_OP_Buff_001,4,NE,16,C,10:30:00,Bombus terrestris,Buff tail,W,1,Iris germanica,5.92663011,530,1,24.47,18.18,2494,6.03,6.64,7,2.667854752,Y,Y
BG,23/06/2021,20210623_BG_Buff_014,0,,32,S,12:20:00,Bombus terrestris,Buff tail,W,1,Lavender,5.957588259,300,1,21.53,17.83,6024,2.79,6.61,4,1.653161879,N,N
Christ,08/06/2021,20210608_ChristMRR_Buff_007,3,SW,24,S,14:06:00,Bombus terrestris,Buff tail,W,1,Nepeta,5.976768976,345,7,49.59,4.39,8707,0.43,11.93,19,7.564853713,N,N
Christ,31/05/2021,20210531_Christ_Buff_009,5,SW,22,S,14:55:00,Bombus terrestris,Buff tail,W,1,Nepeta,5.999233074,345,7,49.59,4.39,8707,0.43,11.93,19,2.635568265,N,N
Christ,08/06/2021,20210608_ChristMRR_Buff_015,3,SW,24,S,14:06:00,Bombus terrestris,Buff tail,W,1,Nepeta,6.043803828,345,7,49.59,4.39,8707,0.43,11.93,19,2.639572128,N,N
Bank,29/06/2021,20210629_Bank_Buff_007,4,N,23,C,13:05:00,Bombus terrestris,Buff tail,W,1,Echium vulgare,6.067713638,535,2,31.19,19.93,2008,3.35,6.61,10,1.65833566,Y,N
OPMead,29/06/2021,20210629_OP_Buff_002,4,N,26,C,10:54:00,Bombus terrestris,Buff tail,W,1,Veronica spicata,6.082870765,530,1,24.47,18.18,2494,6.03,6.64,7,1.185476863,N,N
MEA,09/06/2021,20210609_MEAMRR_Buff_010,5,SW,26,S,10:16:00,Bombus terrestris,Buff tail,W,1,Teucrium fruticans ,6.097665249,850,1,26.97,19.29,2038,1.31,2.17,5,6.234050913,N,N
Christ,08/06/2021,20210608_ChristMRR_Buff_012,3,SW,24,S,14:06:00,Bombus terrestris,Buff tail,W,1,Nepeta,6.101788458,345,7,49.59,4.39,8707,0.43,11.93,19,3.680152422,N,N
Christ,08/06/2021,20210608_ChristMRR_Buff_008,3,SW,24,S,14:06:00,Bombus terrestris,Buff tail,W,1,Nepeta,6.127014638,345,7,49.59,4.39,8707,0.43,11.93,19,4.464516628,N,N
BG,30/06/2021,20210630_BG_Buff_003,4,NW,18,C,10:34:00,Bombus terrestris,Buff tail,W,1,Lavender,6.171869511,300,1,21.53,17.83,6024,2.79,6.61,4,1.630349748,N,N
OPMead,05/07/2021,20210705_OP_Buff_006,3,SE,23,S,10:18:00,Bombus terrestris,Buff tail,W,1,Veronica spicata,6.189185476,530,1,24.47,18.18,2494,6.03,6.64,7,6.414739907,N,N
BG,23/06/2021,20210623_BG_Buff_011,0,,32,S,12:20:00,Bombus terrestris,Buff tail,W,1,Lavender,6.226002401,300,1,21.53,17.83,6024,2.79,6.61,4,2.562327334,N,N
BG,30/06/2021,20210630_BG_Buff_008,4,NW,18,C,10:34:00,Bombus terrestris,Buff tail,W,1,Lavender,6.288971587,300,1,21.53,17.83,6024,2.79,6.61,4,2.923335884,N,N
Leon,05/06/2021,20210605_LeonMRR_Buff_002,3,S,25,S,14:20:00,Bombus terrestris,Buff tail,W,1,Symphytum ,6.311171895,770,1,39.03,9.84,2450,1.33,0,9,5.591370441,N,N
Leon,05/06/2021,20210605_LeonMRR_Buff_013,3,S,25,S,14:20:00,Bombus terrestris,Buff tail,W,1,Symphytum ,6.317461904,770,1,39.03,9.84,2450,1.33,0,9,3.079571631,N,N
Christ,28/05/2021,20210528_Christ_Buff_003,3,NE,21,C,14:33:00,Bombus terrestris,Buff tail,W,1,Nepeta,6.384441144,345,7,49.59,4.39,8707,0.43,11.93,19,2.476550092,N,N
Christ,08/06/2021,20210608_ChristMRR_Buff_005,3,SW,24,S,14:06:00,Bombus terrestris,Buff tail,W,1,Nepeta,6.488628921,345,7,49.59,4.39,8707,0.43,11.93,19,6.781531407,N,N
BG,23/06/2021,20210623_BG_Buff_012,0,,32,S,12:20:00,Bombus terrestris,Buff tail,W,1,Lavender,6.517826866,300,1,21.53,17.83,6024,2.79,6.61,4,1.511064655,N,N
MEA,09/06/2021,20210609_MEAMRR_Buff_012,5,SW,26,S,10:16:00,Bombus terrestris,Buff tail,W,1,Teucrium fruticans ,6.527596838,850,1,26.97,19.29,2038,1.31,2.17,5,5.818413571,N,N
Christ,08/06/2021,20210608_ChristMRR_Buff_017,3,SW,24,S,14:06:00,Bombus terrestris,Buff tail,W,1,Nepeta,6.60987747,345,7,49.59,4.39,8707,0.43,11.93,19,4.739106036,N,N
Bunhill,08/06/2021,20210608_Bunhill_Buff_004,3,SW,22,S,10:20:00,Bombus terrestris,Buff tail,W,1,Geranium,6.636382137,535,2,45.37,8.43,1754,0.26,0.52,15,7.627822025,N,N
Christ,28/05/2021,20210528_Christ_Buff_004,3,NE,21,C,14:33:00,Bombus terrestris,Buff tail,W,1,Nepeta,6.637291302,345,7,49.59,4.39,8707,0.43,11.93,19,4.863433487,N,N
Leon,05/06/2021,20210605_LeonMRR_Buff_001,3,S,25,S,14:20:00,Bombus terrestris,Buff tail,W,1,Symphytum ,6.787121706,770,1,39.03,9.84,2450,1.33,0,9,2.329616144,N,N
Leon,05/06/2021,20210605_LeonMRR_Buff_007,3,S,25,S,14:20:00,Bombus terrestris,Buff tail,W,1,Symphytum ,6.817917822,770,1,39.03,9.84,2450,1.33,0,9,2.319093411,N,N
Leon,05/06/2021,20210605_LeonMRR_Buff_031,3,S,25,S,14:20:00,Bombus terrestris,Buff tail,W,1,Nepeta,6.917782617,770,1,39.03,9.84,2450,1.33,0,9,2.612009079,N,N
Leon,05/06/2021,20210605_LeonMRR_Buff_026,3,S,25,S,14:20:00,Bombus terrestris,Buff tail,W,1,Nepeta,7.006271059,770,1,39.03,9.84,2450,1.33,0,9,4.587919316,N,N
Leon,05/06/2021,20210605_LeonMRR_Buff_033,3,S,25,S,14:20:00,Bombus terrestris,Buff tail,W,1,Centranthus ruber,7.157873348,770,1,39.03,9.84,2450,1.33,0,9,6.179141888,N,N
Leon,05/06/2021,20210605_LeonMRR_Buff_021,3,S,25,S,14:20:00,Bombus terrestris,Buff tail,W,1,Phlomis russeliana,7.164926305,770,1,39.03,9.84,2450,1.33,0,9,1.342329512,N,N
Leon,05/06/2021,20210605_LeonMRR_Buff_023,3,S,25,S,14:20:00,Bombus terrestris,Buff tail,W,1,Nepeta,7.352557328,770,1,39.03,9.84,2450,1.33,0,9,1.368545045,N,N
Christ,31/05/2021,20210531_Christ_Vestal_010,5,SW,22,S,14:55:00,Bombus vestalis,Vestal cuckoo,F,1,Nepeta,4.094329626,345,7,49.59,4.39,8707,0.43,11.93,19,9.987753112,NA,N
Leon,22/06/2021,20210622_Leon_Buff_008,2,E,19,C,14:57:00,Bombus vestalis,Vestal cuckoo,F,1,Nepeta,5.804521948,770,1,39.03,9.84,2450,1.33,0,9,2.723977692,N,N
